{
  "boostName": "chatgpt",
  "dotAngleDeg": 248.5714285714286,
  "dotPos": {
    "x": 0.2137209092124117,
    "y": 0.6749415107338215
  },
  "dotDistance": 1.0,
  "secondaryDotAngleDegDelta": 80.2285714285714,
  "secondaryDotPos": {
    "x": 0.27900968613018273,
    "y": 0.24756479806548443
  },
  "brightness": 0.8300653594771241,
  "saturation": 0.2999999999999997,
  "contrast": 0.75,
  "fontFamily": "JetBrainsMono Nerd Font",
  "enableColorBoost": true,
  "smartInvert": false,
  "autoTheme": false,
  "textCaseOverride": "none",
  "sizeOverride": 1,
  "zapSelectors": [],
  "changeWasMade": true,
  "customCSS": ""
}