{
  "boostName": "delhivery",
  "dotAngleDeg": 216.0,
  "dotPos": {
    "x": 0.3529264802522645,
    "y": 0.8015454025333706
  },
  "dotDistance": 1.0,
  "secondaryDotAngleDegDelta": 89.62500000000006,
  "secondaryDotPos": {
    "x": 0.1974984690039523,
    "y": 0.35490322627622894
  },
  "brightness": 0.7799564270152506,
  "saturation": 0.42079207920792105,
  "contrast": 0.75,
  "fontFamily": "",
  "enableColorBoost": true,
  "smartInvert": false,
  "autoTheme": false,
  "textCaseOverride": "none",
  "sizeOverride": 1,
  "zapSelectors": [],
  "customCSS": "",
  "changeWasMade": true
}