{
  "boostName": "delhivery",
  "dotAngleDeg": 219.47368421052627,
  "dotPos": {
    "x": 0.3349260297718252,
    "y": 0.792080184800523
  },
  "dotDistance": 1.0,
  "secondaryDotAngleDegDelta": 284.24724602203185,
  "secondaryDotPos": {
    "x": 0.7424707876594017,
    "y": 0.7318796393214146
  },
  "brightness": 0.8518518518518519,
  "saturation": 0.2735294117647058,
  "contrast": 0.75,
  "fontFamily": "",
  "enableColorBoost": true,
  "smartInvert": false,
  "autoTheme": false,
  "textCaseOverride": "none",
  "sizeOverride": 1,
  "zapSelectors": [],
  "customCSS": "",
  "changeWasMade": true
}