{
  "boostName": "delhivery",
  "dotAngleDeg": 7.659574468085084,
  "dotPos": {
    "x": 0.48629926275334345,
    "y": 0.1647798636732899
  },
  "dotDistance": 1.0,
  "secondaryDotAngleDegDelta": 40.47996041563585,
  "secondaryDotPos": {
    "x": 0.7071976620034207,
    "y": 0.236126206567768
  },
  "brightness": 0.8104575163398692,
  "saturation": 0.2977011494252879,
  "contrast": 0.75,
  "fontFamily": "",
  "enableColorBoost": true,
  "smartInvert": false,
  "autoTheme": false,
  "textCaseOverride": "none",
  "sizeOverride": 1,
  "zapSelectors": [],
  "customCSS": "",
  "changeWasMade": true
}