{
  "boostName": "erp",
  "dotAngleDeg": 252.00000000000003,
  "dotPos": {
    "x": 0.20377108259582988,
    "y": 0.6575077093146662
  },
  "dotDistance": 1.0,
  "secondaryDotAngleDegDelta": 153.0,
  "secondaryDotPos": {
    "x": 0.692434894395776,
    "y": 0.2251744891410432
  },
  "brightness": 0.7930283224400871,
  "saturation": 0.6578947368421049,
  "contrast": 0.75,
  "fontFamily": "Inter Display",
  "enableColorBoost": true,
  "smartInvert": false,
  "autoTheme": false,
  "textCaseOverride": "none",
  "sizeOverride": 1,
  "zapSelectors": [],
  "customCSS": "",
  "changeWasMade": true
}