{
  "boostName": "github",
  "dotAngleDeg": 219.99999999999997,
  "dotPos": {
    "x": 0.33225000000000016,
    "y": 0.7905515229696793
  },
  "dotDistance": 1.0,
  "secondaryDotAngleDegDelta": 43.3333333333334,
  "secondaryDotPos": {
    "x": 0.1785945186181534,
    "y": 0.5962224845745706
  },
  "brightness": 0.7973856209150326,
  "saturation": 0.28709677419354884,
  "contrast": 0.75,
  "fontFamily": "MonoLisa",
  "enableColorBoost": true,
  "smartInvert": false,
  "autoTheme": false,
  "textCaseOverride": "none",
  "sizeOverride": 1,
  "zapSelectors": [],
  "customCSS": "",
  "changeWasMade": true
}