{
  "boostName": "github",
  "dotAngleDeg": 105.71428571428572,
  "dotPos": {
    "x": 0.8338328251350922,
    "y": 0.5334050125328965
  },
  "dotDistance": 1.0,
  "secondaryDotAngleDegDelta": 312.7857142857143,
  "secondaryDotPos": {
    "x": 0.7512746443247101,
    "y": 0.27769097382361996
  },
  "brightness": 0.6993464052287582,
  "saturation": 0.6043478260869566,
  "contrast": 0.75,
  "fontFamily": "JetBrainsMono Nerd Font",
  "enableColorBoost": true,
  "smartInvert": false,
  "autoTheme": false,
  "textCaseOverride": "none",
  "sizeOverride": 1,
  "zapSelectors": [],
  "customCSS": "",
  "changeWasMade": true
}