{
  "boostName": "instagram",
  "dotAngleDeg": 357.3333333333333,
  "dotPos": {
    "x": 0.4264320215849583,
    "y": 0.1726653049981961
  },
  "dotDistance": 1.0,
  "secondaryDotAngleDegDelta": 317.0666666666667,
  "secondaryDotPos": {
    "x": 0.2231744213276322,
    "y": 0.3104535703509329
  },
  "brightness": 0.8235294117647058,
  "saturation": 0.27777777777777757,
  "contrast": 0.75,
  "fontFamily": "Inter Display",
  "enableColorBoost": true,
  "smartInvert": false,
  "autoTheme": false,
  "textCaseOverride": "none",
  "sizeOverride": 1,
  "zapSelectors": [
    "div.x1qjc9v5.x78zum5.x1q0g3np.xl56j7k.xh8yej3 > div.x1dr59a3.x13vifvy.x7vhb2i.x6bx242:last-child"
  ],
  "changeWasMade": true,
  "customCSS": ""
}