{
  "boostName": "instagram",
  "dotAngleDeg": 248.5714285714286,
  "dotPos": {
    "x": 0.2137209092124117,
    "y": 0.6749415107338215
  },
  "dotDistance": 1.0,
  "secondaryDotAngleDegDelta": 80.2285714285714,
  "secondaryDotPos": {
    "x": 0.27900968613018273,
    "y": 0.24756479806548443
  },
  "brightness": 0.8300653594771241,
  "saturation": 0.2999999999999997,
  "contrast": 0.75,
  "fontFamily": "Inter Display",
  "enableColorBoost": true,
  "smartInvert": false,
  "autoTheme": false,
  "textCaseOverride": "none",
  "sizeOverride": 1,
  "zapSelectors": [
    "div.x1qjc9v5.x78zum5.x1q0g3np.xl56j7k.xh8yej3 > div.x1dr59a3.x13vifvy.x7vhb2i.x6bx242:last-child"
  ],
  "changeWasMade": true,
  "customCSS": ""
}