{
  "boostName": "instagram",
  "dotAngleDeg": 216.0,
  "dotPos": {
    "x": 0.3529264802522645,
    "y": 0.8015454025333706
  },
  "dotDistance": 1.0,
  "secondaryDotAngleDegDelta": 89.62500000000006,
  "secondaryDotPos": {
    "x": 0.1974984690039523,
    "y": 0.35490322627622894
  },
  "brightness": 0.7799564270152506,
  "saturation": 0.42079207920792105,
  "contrast": 0.75,
  "fontFamily": "Inter Display",
  "enableColorBoost": true,
  "smartInvert": false,
  "autoTheme": false,
  "textCaseOverride": "none",
  "sizeOverride": 1,
  "zapSelectors": [
    "div.x1qjc9v5.x78zum5.x1q0g3np.xl56j7k.xh8yej3 > div.x1dr59a3.x13vifvy.x7vhb2i.x6bx242:last-child"
  ],
  "changeWasMade": true,
  "customCSS": ""
}