{
  "boostName": "instagram",
  "dotAngleDeg": 42.05607476635514,
  "dotPos": {
    "x": 0.678066284773297,
    "y": 0.21565399910138505
  },
  "dotDistance": 1.0,
  "secondaryDotAngleDegDelta": 65.31234628627644,
  "secondaryDotPos": {
    "x": 0.8327294404301876,
    "y": 0.5430275431673045
  },
  "brightness": 0.5751633986928105,
  "saturation": 0.28666666666666674,
  "contrast": 0.75,
  "fontFamily": "Inter Display",
  "enableColorBoost": true,
  "smartInvert": false,
  "autoTheme": false,
  "textCaseOverride": "none",
  "sizeOverride": 1,
  "zapSelectors": [
    "div.x1qjc9v5.x78zum5.x1q0g3np.xl56j7k.xh8yej3 > div.x1dr59a3.x13vifvy.x7vhb2i.x6bx242:last-child"
  ],
  "changeWasMade": true,
  "customCSS": ""
}