{
  "boostName": "instagram",
  "dotAngleDeg": 7.659574468085084,
  "dotPos": {
    "x": 0.48629926275334345,
    "y": 0.1647798636732899
  },
  "dotDistance": 1.0,
  "secondaryDotAngleDegDelta": 40.47996041563585,
  "secondaryDotPos": {
    "x": 0.7071976620034207,
    "y": 0.236126206567768
  },
  "brightness": 0.8104575163398692,
  "saturation": 0.2977011494252879,
  "contrast": 0.75,
  "fontFamily": "Inter Display",
  "enableColorBoost": true,
  "smartInvert": false,
  "autoTheme": false,
  "textCaseOverride": "none",
  "sizeOverride": 1,
  "zapSelectors": [
    "div.x1qjc9v5.x78zum5.x1q0g3np.xl56j7k.xh8yej3 > div.x1dr59a3.x13vifvy.x7vhb2i.x6bx242:last-child"
  ],
  "changeWasMade": true,
  "customCSS": ""
}