{
  "boostName": "instagram",
  "dotAngleDeg": 323.99999999999994,
  "dotPos": {
    "x": 0.2586614969863822,
    "y": 0.2669421167110067
  },
  "dotDistance": 1.0,
  "secondaryDotAngleDegDelta": 310.7368421052632,
  "secondaryDotPos": {
    "x": 0.16591450554281656,
    "y": 0.5307755161337588
  },
  "brightness": 0.7995642701525054,
  "saturation": 0.29347826086956563,
  "contrast": 0.75,
  "fontFamily": "Inter Display",
  "enableColorBoost": true,
  "smartInvert": false,
  "autoTheme": false,
  "textCaseOverride": "none",
  "sizeOverride": 1,
  "zapSelectors": [
    "div.x1qjc9v5.x78zum5.x1q0g3np.xl56j7k.xh8yej3 > div.x1dr59a3.x13vifvy.x7vhb2i.x6bx242:last-child"
  ],
  "changeWasMade": true,
  "customCSS": ""
}