{
  "boostName": "My Boost",
  "dotAngleDeg": 91.91489361702126,
  "dotPos": {
    "x": 0.8321652140455564,
    "y": 0.4528139789972735
  },
  "dotDistance": 1.0,
  "secondaryDotAngleDegDelta": 314.2389525368249,
  "secondaryDotPos": {
    "x": 0.6979300501277577,
    "y": 0.2291052875074463
  },
  "brightness": 0.6840958605664488,
  "saturation": 0.5786206896551723,
  "contrast": 0.75,
  "fontFamily": "",
  "enableColorBoost": true,
  "smartInvert": false,
  "autoTheme": false,
  "textCaseOverride": "none",
  "sizeOverride": 1,
  "zapSelectors": [],
  "customCSS": "",
  "changeWasMade": true
}