{"boostName":"reddit","dotAngleDeg":25.588235294117652,"dotPos":{"x":0.5901562464429645,"y":0.17684043998774313},"dotDistance":1,"secondaryDotAngleDegDelta":22.41176470588239,"secondaryDotPos":{"x":0.7065544249717586,"y":0.23562239216494496},"brightness":0.7342047930283224,"saturation":0.2754098360655737,"contrast":0.75,"fontFamily":"Inter Display","enableColorBoost":true,"smartInvert":false,"autoTheme":false,"textCaseOverride":"none","sizeOverride":1,"zapSelectors":[],"changeWasMade":true,"customCSS":""}